"Compound","breakpoint","ci_lower","ci_upper","r2_adj","p_val","aic"
"Triethylcitrate",25.0001,-16.9354,25.0001,0.129202412552876,0.907643428491803,0.317624916180632
"Daidzein",74.9999,68.7345,74.9999,0.877402547419253,0.0329751566519836,35.164126062503
"(4r)-4-hydroxy-5,5-dimethyloxolan-2-one",74.9999,55.5043,74.9999,0.82767656679544,0.246196888973082,0.706119378176821
"N-Acetylalanine",74.9999,38.7296,74.9999,0.170172035882388,0.813264886577459,28.3966044445538
"trans-Cinnamic acid",74.9999,41.7841,74.9999,0.393317789201788,0.263603797748035,68.7381772001571
"vanillic acid",74.9999,57.4076,74.9999,0.456269944883573,0.315825693815607,36.2102238406893
